title,hot,link
,,"{'id': 1967282093101941035, 'title': '国科大张夏衡团队最新 Nature 成果，实现突破教科书的芳香胺直接取代反应，对工业领域有哪些意义？', 'url': 'https://api.zhihu.com/questions/1967282093101941035', 'type': 'question', 'created': 1761816601, 'answer_count': 69, 'follower_count': 377, 'author': {'type': 'people', 'user_type': 'people', 'id': '0', 'url_token': '', 'url': '', 'name': '用户', 'headline': '', 'avatar_url': 'https://pica.zhimg.com/aadd7b895_s.jpg'}, 'bound_topic_ids': [2072335, 2569632, 2588912], 'comment_count': 0, 'is_following': False, 'excerpt': '10月28日，国科大杭高院“85后”教授张夏衡团队在《Nature》发表的“Direct deaminative functionalization with N-nitroamines（N-硝基胺介导直接脱氨官能团化）研究，为1884年沿用至今的芳香胺合成工艺带来颠覆性突破。 这项被辉瑞高管称为“true tour de force”的技术，通过廉价试剂将稳定的芳香胺C-N键直接转化为药物所需的C-X或C-C键，彻底规避了传统工艺的爆炸风险与重金属污染，已完成公斤级验证并启动抗癌药合作。 传统方法处理芳香胺（药物、农药的基础“积木”）时，需通过易爆的重氮盐中间体，且产生大量铜废料。而张夏衡团队偶然发现的N-硝基胺路径，1893年虽已被报道却遭忽视，如今能在温和条件下原位断裂C-N键，减少90%以上重金属废料。 企业初步测算显示，新工艺可显著降低抗癌药中间体成本，同时具备材料制造等多领域拓展潜力 从实验室副产物到《Nature》论文仅用三年，这支年轻团队证明：科学突破不仅需要“站在巨人肩膀”，更要在平凡副产物中看见颠覆可能。当化工生产告别“炸药拆墙”式传统，我们离“既要药效好，又要价格低”的药物时代还有多远？'}"
,,"{'id': 1967494414290084753, 'title': '美参议院通过终止特朗普全面关税政策决议，这意味着什么？美国全面关税政策最终会取消吗？', 'url': 'https://api.zhihu.com/questions/1967494414290084753', 'type': 'question', 'created': 1761867222, 'answer_count': 168, 'follower_count': 671, 'author': {'type': 'people', 'user_type': 'people', 'id': '0', 'url_token': '', 'url': '', 'name': '用户', 'headline': '', 'avatar_url': 'https://pica.zhimg.com/aadd7b895_s.jpg'}, 'bound_topic_ids': [281, 10722, 11931, 19800, 212714], 'comment_count': 0, 'is_following': False, 'excerpt': '当地时间10月30日，央视记者获悉，美国参议院以51票赞同、47票反对的结果通过决议，终止美国总统特朗普在全球范围内实施的全面关税政策。 据悉，美国参议院宣布，已批准终止总统为实施全球关税而宣布的国家紧急状态的联合决议。本周早些时候，参议院已通过两项决议，旨在取消对加拿大和巴西征收的关税。 据悉，这些决议接下来还须经众议院表决。但此前众议院共和党人已多次阻止推翻关税的立法行动，这些决议预计很难在众议院获得投票表决。即便众议院最终通过，国会仍需三分之二绝对多数才能推翻总统否决。美参议院通过终止特朗普全面关税政策决议'}"
,,"{'id': 1964768855290242461, 'title': '宇树科技人形机器人 H2 加入仿生人脸，有些人觉得长得吓人，为什么机器人有了脸之后会觉得吓人？', 'url': 'https://api.zhihu.com/questions/1964768855290242461', 'type': 'question', 'created': 1761217398, 'answer_count': 131, 'follower_count': 315, 'author': {'type': 'people', 'user_type': 'people', 'id': '0', 'url_token': '', 'url': '', 'name': '用户', 'headline': '', 'avatar_url': 'https://pica.zhimg.com/aadd7b895_s.jpg'}, 'bound_topic_ids': [2143, 166164, 696408], 'comment_count': 0, 'is_following': False, 'excerpt': '王兴兴回应宇树科技新款人形机器人进展。 10月23日，据天眼查App显示，宇树科技完成更名。“杭州宇树科技股份有限公司”企业名称变更为“宇树科技股份有限公司”，同时王兴兴由执行公司事务的董事变更为董事长。 当天，宇树科技创始人、CEO、CTO王兴兴在IROS 2025（IEEE/RSJ智能机器人与系统国际会议）上表示，公司的第四款人形机器人H2“发布后可能有些人觉得有点吓人或者不太好看”。 王兴兴称，前几代发布的机器人头部都非常简易，“有大众会觉得要有个像脸一点的机器人，所以我们就把仿生人脸加了上去”。 同时，对于此前发布的第三款人形机器人R1，王兴兴透露目前已准备量产，今年年底至明年年初发货。 王兴兴在IROS发言。 澎湃新闻记者 秦盛 摄 此前的10月20日，宇树科技正式发布H2，机器人身高180cm、体重70kg，其采用的仿生人脸设计是一大亮点。 在此次IROS期间，宇树在展区对H2进行了静态展示。据相关人员透露，H2基础版的价格在每台20万元以下。 目前，宇树科技正处上市辅导阶段，根据IPO计划，将在今年10月至12月之间提交上市文件，届时将披露相关运营数据。 10月21日，据报道，宇树科技IPO辅导机构中信证券近日提交了“辅导工作进展情况报告（第一期）”。报告透露，本期辅导过程中，宇树科技审议通过了《关于选举公司独立董事暨调整董事会成员的议案》《关于取消公司监事会的议案》等议案。同时，鉴于原董事秦诗春、王其鑫、赵永政已先后在2025年第五次临时股东会前辞任公司董事，接受辅导的人员不再包括公司原监事吴江、李文杨、朱嘉，以及原董事秦诗春、王其鑫、赵永政等六人，并新增独立董事李宗彦、倪晨凯、宋华盛三人为接受辅导人员。 宇树科技IROS展台上的H2。 澎湃新闻记者 秦盛 摄 今年9月2日，在社交媒体平台认证的宇树科技账号“Unitree”发布声明称，“公司正积极推进首次公开募股（IPO）的筹备工作”，并表示“预计将于10月至12月间向证券交易所提交上市申请文件，届时相关运营数据将正式披露。https://mp.weixin.qq.com/s/clJ89MkTSxTHqk1UyXNL_g?version=5.0.0.99730&platform=mac'}"
,,"{'id': 1890467587177035338, 'title': '摇奶茶打螺丝这种非办公室工作真的会让人浑浑噩噩，消磨精神，变得思想麻木吗?', 'url': 'https://api.zhihu.com/questions/1890467587177035338', 'type': 'question', 'created': 1743502595, 'answer_count': 96, 'follower_count': 201, 'author': {'type': 'people', 'user_type': 'people', 'id': '0', 'url_token': '', 'url': '', 'name': '用户', 'headline': '', 'avatar_url': 'https://pica.zhimg.com/aadd7b895_s.jpg'}, 'bound_topic_ids': [307, 5900, 7093, 12585, 14812], 'comment_count': 0, 'is_following': False, 'excerpt': '就是那种完全没有精力去画画或者做自己喜欢的爱好，只能日复一日单纯为了活而活这样的麻木枯燥的一眼望得到头的日子… \t首先叠甲，题主曾经在学校是优等生，因为心理疾病才休学导致学历不高，其次我知道为了生活肯定要工作，我也知道没学历肯定只能干这种很累的工作，我也有心理准备，觉得我吃饱了撑的的人别骂我求求 那种想表达“你现在这个条件再怎么样也只能受着，精神食粮不能当饭吃”之类的我也懂道理，但是我就是特别恐惧…那种进来就是为了说“恐惧没用的当你饭都吃不起的时候，你就不会想那么多了”的人也别来 因为过几个月就要去打工了，但是特别害怕自己变成这种很麻木的没有灵感激情的人，就是每天浑浑噩噩两眼一睁就是上班，一下班就是睡觉，完全没有精力去追求自己喜欢的东西（不是那种费钱的旅游网购什么的，可能就是写点文画点画或者搞点手工这种）… 已经焦虑到天天失眠茶饭不思了，一想到自己未来可能会变成这种重复生活一眼望到头的，麻木淡漠的人就特别绝望恐慌…'}"
,,"{'id': 1967591184491873708, 'title': 'S15淘汰赛AL VS T1，如何评价这场比赛？', 'url': 'https://api.zhihu.com/questions/1967591184491873708', 'type': 'question', 'created': 1761890294, 'answer_count': 103, 'follower_count': 105, 'author': {'type': 'people', 'user_type': 'people', 'id': '0', 'url_token': '', 'url': '', 'name': '用户', 'headline': '', 'avatar_url': 'https://pica.zhimg.com/aadd7b895_s.jpg'}, 'bound_topic_ids': [154337, 177524, 221299, 3750901], 'comment_count': 0, 'is_following': False, 'excerpt': ''}"
,,"{'id': 456249786, 'title': '你在什么情况下会给外卖差评？', 'url': 'https://api.zhihu.com/questions/456249786', 'type': 'question', 'created': 1619226578, 'answer_count': 578, 'follower_count': 766, 'author': {'type': 'people', 'user_type': 'people', 'id': '0', 'url_token': '', 'url': '', 'name': '用户', 'headline': '', 'avatar_url': 'https://pica.zhimg.com/aadd7b895_s.jpg'}, 'bound_topic_ids': [6548, 11422, 15521], 'comment_count': 0, 'is_following': False, 'excerpt': '如果外卖小哥说让你到楼下取餐，或是让你在电梯口等餐，你会生气吗？'}"
,,"{'id': 1967512370696949933, 'title': '2526赛季NBA常规赛，马刺 107-101 热火，马刺队史首次开局五连胜，如何评价这场比赛？', 'url': 'https://api.zhihu.com/questions/1967512370696949933', 'type': 'question', 'created': 1761871503, 'answer_count': 16, 'follower_count': 17, 'author': {'type': 'people', 'user_type': 'people', 'id': '0', 'url_token': '', 'url': '', 'name': '用户', 'headline': '', 'avatar_url': 'https://pica.zhimg.com/aadd7b895_s.jpg'}, 'bound_topic_ids': [744, 35502, 35515, 4150993], 'comment_count': 0, 'is_following': False, 'excerpt': ''}"
,,"{'id': 1967189938383610332, 'title': '专家预测 90% 的预制菜企业将消失，怎样看待这一观点？什么样的预制菜才能被市场接受？', 'url': 'https://api.zhihu.com/questions/1967189938383610332', 'type': 'question', 'created': 1761794629, 'answer_count': 35, 'follower_count': 63, 'author': {'type': 'people', 'user_type': 'people', 'id': '0', 'url_token': '', 'url': '', 'name': '用户', 'headline': '', 'avatar_url': 'https://pica.zhimg.com/aadd7b895_s.jpg'}, 'bound_topic_ids': [1047, 4638, 5273, 5930, 2217866], 'comment_count': 0, 'is_following': False, 'excerpt': '“当前6.8万家预制菜企业中，5年后仅约5000间存活。”近日，经济学家宋清辉针对预制菜行业未来的走势，做出如是判断。 “五年倒闭九成”的冷酷预言一出，让本就波澜暗涌的预制菜行业又激起了一层涟漪。 与之相应的是，网友们还在忙着总结“拒绝预制菜餐厅”白名单，抵触情绪和信任危机短时间内很难完全解除。 所以，预制菜这行是真的要凉了吗？ 在餐饮供应链指南看来，凉透倒不至于，但未来确实会有一批玩家会被洗牌出局，死得很难看。 一、寒冬将至，先死一批 预制菜行业的寒意，大部分企业都已经明显感受到。 今年上半年，“预制菜第一股”味知香实现归属于上市公司股东净利润为3194.68万元，同比下降24.46%，扣非净利润为2533.83万元，同比下降38.74%；惠发食品上半年归母净利润已从去年同期亏损1643万元变为亏损2999万元。扣非归母净利润自去年同期亏损1823万元变为亏损3053万元，亏损额进一步扩大；海欣食品的速冻菜肴制品，上半年实现营收1.54 亿元，同比下降 23.17%；还有安井食品、千味央厨等，预制菜肴板块业务的营收，也并未达到预期。 巨头如此，腰部以下预制菜企业的生存处境就更不必说，而这样的境遇也绝不是短期的阵痛。 为什么？ 首先，从市场流通情况来看，预制菜的需求正在萎缩。 不少咨询、证券等机构出具的数据显示，预制菜B端与C端消费占比约为8:2，还是以餐饮企业为主的B端市场占据了主体地位。这其中，又属纯外卖店（即无堂食门店）对预制菜的需求更为强烈。一个20-30平左右的档口，只用一个加热的电磁炉，一个打包台，就能开张。预制菜料理包，完美匹配了纯外卖店的“轻资产”模式。 包括这两年频频被披露的“幽灵外卖”，他们无实体门店、无厨师、隐蔽、快速、单人可操作…能满足所有这些条件的，几乎只有预制菜料理包。而一些幽灵外卖为了更大程度盈利，甚至会用到小作坊生产的“三无”预制菜产品。 但如今，纯外卖店的模式正在发生变革。 2024中国连锁餐饮峰会上，美团正式推出“品牌卫星店”万店返佣计划，到今年年底计划开出超一万家外卖卫星店，并与供应链龙头达成合作，让中小商家以更低的成本采购食材。 今年7月，京东推出“七鲜小厨”，并宣布未来3年内在全国建设1万家，主打现炒现做。截止10月29日，其首店（长保大厦店）在京东外卖平台显示累积销售10万+单，饿了么和美团的月销量分别为900+单、300+单。 与此同时，国家对“幽灵外卖”的整治也在加强。今年9月，市场监管总局组织起草的《外卖平台服务管理基本要求（征求意见稿）》面向社会公开征求意见，饿了么、美团和京东三大平台也各成立了专项小组或治理团队，针对无实体店、假地址、盗用资质等乱象，进行治理和整改。 可以预见，未来低质外卖的生存空间会被挤压，预制菜料理包的市场需求就会减少。 另外，线下餐厅对预制菜的需求也在减弱。 如今，大众谈“预”色变，餐厅纷纷把“现炒”当成金字招牌，恨不得把灶台搬到消费者桌上。数据显示，今年2月以来，已有十余万商户在美团开通了“明厨亮灶直播”，覆盖商场连锁餐厅、社区夫妻店等。同时，在美团、大众点评的部分商家新增了“现制现炒”信息展示栏。 △图片来源：美团截图 当现制现炒的风潮愈演愈烈，预制菜想要在餐厅后厨立住脚就会很难。 当然，有人可能就问了，餐厅如果用了预制菜，但对外却说现制，当面一套背后又一套，怎么办？ 别急，《预制菜食品安全国家标准》马上要来了。 餐饮供应链指南了解到，国家卫健委主导的《预制菜食品安全国家标准》草案已通过专家审查，即将向社会公开征求意见。届时，预制菜“身份”将有统一说法，餐饮门店是否使用、如何使用预制菜，将纳入强制信息披露范畴。 北京天霜律师事务所合伙人张勇律师曾向媒体表示：“根据《中华人民共和国消费者权益保护法》第八条，消费者享有知悉其购买、使用的商品或者接受的服务的真实情况的权利。这意味着当消费者主动向商家问询时，商家必须如实告知消费者相关菜品是否为预制。” 都强制明牌了，以后谁也别想藏着掖着。 B端不好卖，C端市场也好不到哪去。今年，预制菜的信任问题被彻底引爆，引来许多消费者口诛笔伐，短期内，消费者对预制菜的负面印象还很难消除。 需求决定供给，需求一旦萎缩，供给端市场就会陷入震荡，竞争加剧、价格内卷、行业出清…会接连上演。 企查查数据显示，近三年来，新增预制菜企业数量不断增多，截至2024年末，预制菜企业已达到约6.8万家，预制菜行业规模持续扩大。 爆发式增长导致了预制菜行业鱼龙混杂。“凤凰网财经”近期的一篇报道中就提到，预制菜企业的生产环境、设备、烹饪水平参差不齐，工厂之间有着复杂的代工关系，这意味着消费者冲着规模较大的品牌购买产品，很可能来自小厂生产。 再加之，B端市场对“降本增效”的需求迫切，出于对成本控制的考虑，压价会是稀松平常的事。广东阳江海鲜预制菜供应商卫鹏曾透露，类似他这样联系货源拿给加工厂加工的企业，毛利率只有0.6%到0.8%，“还有无数公司挣扎在亏损边缘”。 需求萎缩、供给出清、行业洗牌，预制菜企业数量减少，就会成为必然结果。 所以，在提到预制菜行业未来发展时，宋清辉才会预测，相较于目前逾6.8万间的庞大基数，未来五年后真正能在竞争中存活、具备持续盈利能力和规模效应的企业，其数量很可能锐减至5000间以内，其中能对市场产生实质性影响力的企业可能不超过1500间。 二、熬过阵痛，还有机会！ 不过，真的会像宋清辉所预测的只能容下5000家预制菜企业吗？倒也不尽然。 要知道，预制菜并非新生事物。在美国、日本等国家，预制菜渗透率早已超60%。这些国家经济高速发展后带来的快节奏生活、家庭小型化、单身人口增加以及女性就业率提升等因素，共同催生并巩固了对预制菜的庞大需求。 而中国的经济、人口变化也在沿着类似的路径演变。老龄化、少子化、家庭小型化…已经越来越明显。 所以，单从C端消费需求来看，预制菜还有渗透空间，而且当前消费者对预制菜的态度并非“一棍子打死”。社交平台上，时不时能刷到网友分享在家自制预制菜的经历。还有不少消费者表示，在价格合理，品质有保证，口味丰富多样化的前提下，还是会选择购买预制菜。 △图片来源：小红书截图 另外，从B端市场来看，中国餐饮的连锁化程度在不断提升。据美团方面数据，全国餐饮连锁化率从2020年的15%稳步上升至2024年的23%，预计2025年餐饮连锁化率将进一步提升至25%左右。而美国、日本餐饮的市场成熟度更高，其连锁化率均超50%。 可以预料，在品质、成本、效率的平衡下，使用中央厨房和第三方食品工厂的“半成品”，仍然会是一些连锁餐企标准化出品、提升效率、稳定扩张的优先选择。 更何况，使用了预制菜的餐饮店也有活得很好的。比如，萨莉亚。 萨莉亚公布的2025财年前三季度业绩报告显示，公司实现净利润111.64亿日元，同比增长37%。其中，以中国市场为核心的亚洲分部贡献了绝大部分的营业利润。 红餐小程序也显示，截至2025年10月，萨莉亚中国门店数量已接近600家。而这近600家门店的菜单上，绝大多数菜品都属于“预制菜”。专家预测90%的预制菜企业将消失，谁会是幸存者？'}"
,,"{'id': 1967583945597088902, 'title': '住建部部长倪虹表示，要推进现房销售制，实现所见即所得，这会给房地产市场带来怎样的影响？', 'url': 'https://api.zhihu.com/questions/1967583945597088902', 'type': 'question', 'created': 1761888568, 'answer_count': 16, 'follower_count': 30, 'author': {'type': 'people', 'user_type': 'people', 'id': '0', 'url_token': '', 'url': '', 'name': '用户', 'headline': '', 'avatar_url': 'https://pica.zhimg.com/aadd7b895_s.jpg'}, 'bound_topic_ids': [1450, 1708, 5273, 19800, 574235], 'comment_count': 0, 'is_following': False, 'excerpt': '财联社10月31日电，近日出版的《〈中共中央关于制定国民经济和社会发展第十五个五年规划的建议〉辅导读本》中刊登了住房和城乡建设部部长倪虹题为《推动房地产高质量发展》的署名文章。倪虹表示，要改革完善房地产开发、融资、销售制度。在商品房销售上，推进现房销售制，实现所见即所得，从根本上防范交付风险；继续实行预售的，规范预售资金监管，切实维护购房人合法权益。倪虹：推进现房销售制 实现所见即所得_腾讯新闻'}"
,,"{'id': 623585594, 'title': '普通人一部手机用多久？', 'url': 'https://api.zhihu.com/questions/623585594', 'type': 'question', 'created': 1695562375, 'answer_count': 1482, 'follower_count': 2172, 'author': {'type': 'people', 'user_type': 'people', 'id': '0', 'url_token': '', 'url': '', 'name': '用户', 'headline': '', 'avatar_url': 'https://pica.zhimg.com/aadd7b895_s.jpg'}, 'bound_topic_ids': [488, 1949254, 2836192], 'comment_count': 0, 'is_following': False, 'excerpt': ''}"
,,"{'id': 1964707256777020946, 'title': '野生动物园月薪五万招猛兽区司机，后台超千人报名，野兽区司机有何危险？需要具备哪些关键资质？', 'url': 'https://api.zhihu.com/questions/1964707256777020946', 'type': 'question', 'created': 1761202712, 'answer_count': 64, 'follower_count': 125, 'author': {'type': 'people', 'user_type': 'people', 'id': '0', 'url_token': '', 'url': '', 'name': '用户', 'headline': '', 'avatar_url': 'https://pica.zhimg.com/aadd7b895_s.jpg'}, 'bound_topic_ids': [9500, 23633, 105508, 162658, 4020667], 'comment_count': 0, 'is_following': False, 'excerpt': '10月22日，河南洛阳栾川竹海野生动物园在社交平台发出招聘视频称“招募‘兽王驾驶员’，月薪5万寻找最猛司机，开车进虎山熊窝”，引发热议。 23日，动物园回应称“是真实情况，现在报名人数比较多，需要经过筛选。” 野生动物园月薪5万招猛兽区司机？回应：报名人数比较多，要经过筛选_腾讯新闻'}"
,,"{'id': 1899626662833915017, 'title': '我国预警机平台不用C919，C919的军用子系统国产化替换很困难吗？', 'url': 'https://api.zhihu.com/questions/1899626662833915017', 'type': 'question', 'created': 1745686289, 'answer_count': 35, 'follower_count': 54, 'author': {'type': 'people', 'user_type': 'people', 'id': '0', 'url_token': '', 'url': '', 'name': '用户', 'headline': '', 'avatar_url': 'https://pica.zhimg.com/aadd7b895_s.jpg'}, 'bound_topic_ids': [82861, 410710], 'comment_count': 0, 'is_following': False, 'excerpt': ''}"
,,"{'id': 1897974263882941288, 'title': '小猫经常过来喵喵两下就走了到底是啥意思?', 'url': 'https://api.zhihu.com/questions/1897974263882941288', 'type': 'question', 'created': 1745292327, 'answer_count': 21, 'follower_count': 52, 'author': {'type': 'people', 'user_type': 'people', 'id': '0', 'url_token': '', 'url': '', 'name': '用户', 'headline': '', 'avatar_url': 'https://pica.zhimg.com/aadd7b895_s.jpg'}, 'bound_topic_ids': [1570], 'comment_count': 0, 'is_following': False, 'excerpt': '明明有水有饭 铲屎也铲的很干净 也不是想和我玩 这喵到底代表啥意思'}"
,,"{'id': 1967562727640761946, 'title': '如何评价《崩坏：星穹铁道》黄金史诗pv  再见，昔涟？', 'url': 'https://api.zhihu.com/questions/1967562727640761946', 'type': 'question', 'created': 1761883509, 'answer_count': 35, 'follower_count': 38, 'author': {'type': 'people', 'user_type': 'people', 'id': '0', 'url_token': '', 'url': '', 'name': '用户', 'headline': '', 'avatar_url': 'https://pica.zhimg.com/aadd7b895_s.jpg'}, 'bound_topic_ids': [781978, 2510248], 'comment_count': 0, 'is_following': False, 'excerpt': '那是 家，麦香，哼唱的甲虫，老人的祝语，大树，木纹 还有 门前，麦垛做床，孩子王的木雕；眼，发光的烧瓶，禁忌的书；手指，鞋跟湿漉漉，针线 绕指的草，马马嘟嘟骑，彩色泡泡；歌，未完成的歌，半颗珍珠；尾巴，会说话的山，土壤 纸飞机，那一簇小发辫，很大的门；旗帜，天平的锈迹，王座；夜呀，机灵的眼睛，黯淡的镜 捉迷藏，被盗的奖品，葡萄；嘎吱嘎吱的酒窖，荣誉的疤痕，香料；安提灵花，抱抱，再抱抱 最后 光，刺眼的光，红色的光，模糊的光，从过去向我跑来的光 流星，一颗流星，两颗流星，不存在的流星 … 关于这个世界的一切，无论多么细小的一切， 我都想讲给你听呀。 中文CV： 昔涟——宴宁 日文CV： 昔涟——井上麻里奈 \u200c 英文CV： 昔涟——Aiden Dawn \u200c 韩文CV： 昔涟——조경이'}"
,,"{'id': 1966496748907230873, 'title': '连续两场40+，如何看待湖人队里夫斯的爆发，他和勇士波姐谁更强，今年他能进全明星吗？', 'url': 'https://api.zhihu.com/questions/1966496748907230873', 'type': 'question', 'created': 1761629360, 'answer_count': 16, 'follower_count': 19, 'author': {'type': 'people', 'user_type': 'people', 'id': '0', 'url_token': '', 'url': '', 'name': '用户', 'headline': '', 'avatar_url': 'https://pica.zhimg.com/aadd7b895_s.jpg'}, 'bound_topic_ids': [744, 35496, 35500, 3493390], 'comment_count': 0, 'is_following': False, 'excerpt': ''}"
,,"{'id': 1951949581584691519, 'title': '领导要逼一个人走，会怎么做？', 'url': 'https://api.zhihu.com/questions/1951949581584691519', 'type': 'question', 'created': 1758161045, 'answer_count': 23, 'follower_count': 66, 'author': {'type': 'people', 'user_type': 'people', 'id': '0', 'url_token': '', 'url': '', 'name': '用户', 'headline': '', 'avatar_url': 'https://pica.zhimg.com/aadd7b895_s.jpg'}, 'bound_topic_ids': [2828919, 3077027], 'comment_count': 0, 'is_following': False, 'excerpt': '有哪些征兆，显示领导正在逼你走人？'}"
,,"{'id': 1782461493, 'title': '高中生想自学数论，有什么教材和课程推荐？', 'url': 'https://api.zhihu.com/questions/1782461493', 'type': 'question', 'created': 1729650188, 'answer_count': 17, 'follower_count': 89, 'author': {'type': 'people', 'user_type': 'people', 'id': '0', 'url_token': '', 'url': '', 'name': '用户', 'headline': '', 'avatar_url': 'https://pica.zhimg.com/aadd7b895_s.jpg'}, 'bound_topic_ids': [1291, 2854, 4848, 10576, 79900], 'comment_count': 0, 'is_following': False, 'excerpt': '包括但不限于初等数论.'}"
,,"{'id': 403991398, 'title': '《双面胶》这种电视剧在现实生活中真的会有发生吗？', 'url': 'https://api.zhihu.com/questions/403991398', 'type': 'question', 'created': 1593360925, 'answer_count': 33, 'follower_count': 77, 'author': {'type': 'people', 'user_type': 'people', 'id': '0', 'url_token': '', 'url': '', 'name': '用户', 'headline': '', 'avatar_url': 'https://pica.zhimg.com/aadd7b895_s.jpg'}, 'bound_topic_ids': [68, 2102, 112485, 188579, 215580], 'comment_count': 0, 'is_following': False, 'excerpt': '这几天刚看完双面胶，心里那个对于婚姻的阴影啊，蹭蹭蹭的往上增。还有那个沙溢演的婆婆来了的电视剧。看得我都不敢结婚了。农村婆婆大部分都这么强势吗？？(没有歧视农村人)'}"
,,"{'id': 1965433673500297074, 'title': '如何看待博主基德的新视频《人形机器人为什么注定失败》？', 'url': 'https://api.zhihu.com/questions/1965433673500297074', 'type': 'question', 'created': 1761375903, 'answer_count': 418, 'follower_count': 709, 'author': {'type': 'people', 'user_type': 'people', 'id': '0', 'url_token': '', 'url': '', 'name': '用户', 'headline': '', 'avatar_url': 'https://pica.zhimg.com/aadd7b895_s.jpg'}, 'bound_topic_ids': [349, 350, 2143, 166164], 'comment_count': 0, 'is_following': False, 'excerpt': '[视频]'}"
,,"{'id': 4444625609, 'title': '不搞关系，不跟领导来往，不讨好同事，但工作能力强，能提拔重用吗？', 'url': 'https://api.zhihu.com/questions/4444625609', 'type': 'question', 'created': 1731880616, 'answer_count': 6815, 'follower_count': 8220, 'author': {'type': 'people', 'user_type': 'people', 'id': '0', 'url_token': '', 'url': '', 'name': '用户', 'headline': '', 'avatar_url': 'https://pica.zhimg.com/aadd7b895_s.jpg'}, 'bound_topic_ids': [2566, 19632, 212180, 3468955], 'comment_count': 0, 'is_following': False, 'excerpt': ''}"
,,"{'id': 1967237711539728752, 'title': '甘肃岷县一供热民企 30 年特许经营权 5 年作废，投 3.7 亿遭强行接管，具体是怎么回事？', 'url': 'https://api.zhihu.com/questions/1967237711539728752', 'type': 'question', 'created': 1761806019, 'answer_count': 150, 'follower_count': 392, 'author': {'type': 'people', 'user_type': 'people', 'id': '0', 'url_token': '', 'url': '', 'name': '用户', 'headline': '', 'avatar_url': 'https://pica.zhimg.com/aadd7b895_s.jpg'}, 'bound_topic_ids': [10346, 25747, 43011, 152933, 3232849], 'comment_count': 0, 'is_following': False, 'excerpt': '近日，甘肃岷县宏源清洁热力有限公司 ( 简称 "" 宏源公司 "" ) 董事长张永向大象新闻 · 大象帮反映，他通过政府招商引资途径前往甘肃进行投资，并与岷县政府签订了 30 年供热项目的特许经营协议。此后，企业陆续投入 3.7 亿元，保障了岷县城区集中供热的需求。然而，仅经营 5 年时间，宏源公司便被政府主管部门以一纸文件强行接管，大象新闻记者对此展开了调查。甘肃岷县一供热民企30年特许经营权5年作废，投3.7亿遭强行接管，住建局称供热质量有问题'}"
,,"{'id': 10936532040, 'title': '在职场中你们喜欢什么样的领导？', 'url': 'https://api.zhihu.com/questions/10936532040', 'type': 'question', 'created': 1738279705, 'answer_count': 52, 'follower_count': 108, 'author': {'type': 'people', 'user_type': 'people', 'id': '0', 'url_token': '', 'url': '', 'name': '用户', 'headline': '', 'avatar_url': 'https://pica.zhimg.com/aadd7b895_s.jpg'}, 'bound_topic_ids': [2566, 27919, 37593, 2418101, 2988052], 'comment_count': 0, 'is_following': False, 'excerpt': '大家对于领导的态度都是不太满意的，那么你认为什么样的领导才是一个好领导呢？'}"
,,"{'id': 1967144488658014769, 'title': 'S15全球总决赛AL有可能杀出夺冠吗?', 'url': 'https://api.zhihu.com/questions/1967144488658014769', 'type': 'question', 'created': 1761783793, 'answer_count': 121, 'follower_count': 146, 'author': {'type': 'people', 'user_type': 'people', 'id': '0', 'url_token': '', 'url': '', 'name': '用户', 'headline': '', 'avatar_url': 'https://pica.zhimg.com/aadd7b895_s.jpg'}, 'bound_topic_ids': [2173452, 3750901], 'comment_count': 0, 'is_following': False, 'excerpt': 'AL这支队伍像只黑马一样，潜力巨大，总感觉他们今年能夺冠。'}"
,,"{'id': 1967240085247358943, 'title': '拖地有霉味、水箱散臭气，洗地机满身的「嗅觉炸弹」，能通过哪些妙招技术缓解或解决？', 'url': 'https://api.zhihu.com/questions/1967240085247358943', 'type': 'question', 'created': 1761806585, 'answer_count': 29, 'follower_count': 74, 'author': {'type': 'people', 'user_type': 'people', 'id': '0', 'url_token': '', 'url': '', 'name': '用户', 'headline': '', 'avatar_url': 'https://pica.zhimg.com/aadd7b895_s.jpg'}, 'bound_topic_ids': [36244, 589567, 2761060, 3955643, 4152580], 'comment_count': 0, 'is_following': False, 'excerpt': '「吸污拖地，爽快5分钟；清洗机器，时间翻一倍」已是洗地机真实用户的家庭日常。 电机缝隙、刮条吸口、滚刷盖板，这些自清洁力不从心的地方，容易脏污堆积，并成为发臭的源头。 商品介绍几乎不会提及，而大家长期使用后嗅到臭味，也过了退货的时间。捏着鼻子打理，还发现电机地刷更是怕水，只能用纸巾一点点擦掉脏污。 有没有什么方法技术，能简化打理洗地机的过程，或者直接让洗地机梦幻到「不会发臭」？'}"
,,"{'id': 23093395, 'title': '《倚天屠龙记》是否写了一半换了主角？', 'url': 'https://api.zhihu.com/questions/23093395', 'type': 'question', 'created': 1395206470, 'answer_count': 58, 'follower_count': 213, 'author': {'type': 'people', 'user_type': 'people', 'id': '0', 'url_token': '', 'url': '', 'name': '用户', 'headline': '', 'avatar_url': 'https://pica.zhimg.com/aadd7b895_s.jpg'}, 'bound_topic_ids': [4513, 18712, 20055], 'comment_count': 0, 'is_following': False, 'excerpt': '小的时候先看的电视剧，没什么感觉 后来读了书，发现前面完全不像是铺垫而已 倒更像是临时起意决定换主角啊 而且似乎还换过不止一次 我的感觉是本来想写张君宝和郭襄的 后来改写张翠山 最后不知道怎么的就变成了张无忌了 我的猜测是张三丰传说太多了，不好随便写 而张无忌的年代上正是元朝灭亡的时候 似乎安排起来主角比较给力一些 不然哪有一部书是从主角还没出生开始写的啊！！！'}"
,,"{'id': 1966097177106442046, 'title': '给孩子买乐高，是在培养创造力还是烧钱？', 'url': 'https://api.zhihu.com/questions/1966097177106442046', 'type': 'question', 'created': 1761534095, 'answer_count': 51, 'follower_count': 60, 'author': {'type': 'people', 'user_type': 'people', 'id': '0', 'url_token': '', 'url': '', 'name': '用户', 'headline': '', 'avatar_url': 'https://pica.zhimg.com/aadd7b895_s.jpg'}, 'bound_topic_ids': [481, 2146, 2511, 14874, 154650], 'comment_count': 0, 'is_following': False, 'excerpt': '家里孩子今年 5 岁，看到别的小朋友都在玩乐高，也吵着要买。一直以来都觉得乐高是开发孩子智力、培养创造力的好玩具，但一套动辄几百上千元，算下来这笔投入也不小。身边有家长说，孩子玩乐高纯粹是图个新鲜，没几天就扔一边了，也有的说确实能看到孩子专注力和空间想象力有明显提升。很担心买回家只是堆在角落积灰，浪费金钱。想听听各位过来人，乐高对孩子的成长到底有多大帮助？这笔钱到底值不值得花？'}"
,,"{'id': 371044894, 'title': '贞德有没有入朝不趋，剑履上殿的殊荣？', 'url': 'https://api.zhihu.com/questions/371044894', 'type': 'question', 'created': 1581362876, 'answer_count': 41, 'follower_count': 143, 'author': {'type': 'people', 'user_type': 'people', 'id': '0', 'url_token': '', 'url': '', 'name': '用户', 'headline': '', 'avatar_url': 'https://pica.zhimg.com/aadd7b895_s.jpg'}, 'bound_topic_ids': [704, 7973, 16938, 141290, 236375], 'comment_count': 0, 'is_following': False, 'excerpt': '请各位百年战争史大佬为小透明解答疑惑'}"
,,"{'id': 2689823932, 'title': '考研最后五十天，应该怎么学？', 'url': 'https://api.zhihu.com/questions/2689823932', 'type': 'question', 'created': 1730359142, 'answer_count': 49, 'follower_count': 87, 'author': {'type': 'people', 'user_type': 'people', 'id': '0', 'url_token': '', 'url': '', 'name': '用户', 'headline': '', 'avatar_url': 'https://pica.zhimg.com/aadd7b895_s.jpg'}, 'bound_topic_ids': [4287, 25992, 1316480, 1361606, 4161787], 'comment_count': 0, 'is_following': False, 'excerpt': '现在的学习状况给我的感觉就像背着破了的竹筐捡玉米，学了后面忘前面，感觉动力不足，该怎么办呢'}"
,,"{'id': 1967504765886922987, 'title': '2526赛季NBA常规赛勇士 110:120 雄鹿，如何评价这场比赛？', 'url': 'https://api.zhihu.com/questions/1967504765886922987', 'type': 'question', 'created': 1761869690, 'answer_count': 59, 'follower_count': 54, 'author': {'type': 'people', 'user_type': 'people', 'id': '0', 'url_token': '', 'url': '', 'name': '用户', 'headline': '', 'avatar_url': 'https://pica.zhimg.com/aadd7b895_s.jpg'}, 'bound_topic_ids': [744, 35496, 35504, 4150993], 'comment_count': 0, 'is_following': False, 'excerpt': ''}"
,,"{'id': 1966571063203832249, 'title': '现在回过头看，之前许多厂商押注“开放世界”是一种陷阱吗？', 'url': 'https://api.zhihu.com/questions/1966571063203832249', 'type': 'question', 'created': 1761647078, 'answer_count': 47, 'follower_count': 79, 'author': {'type': 'people', 'user_type': 'people', 'id': '0', 'url_token': '', 'url': '', 'name': '用户', 'headline': '', 'avatar_url': 'https://pica.zhimg.com/aadd7b895_s.jpg'}, 'bound_topic_ids': [253, 1045, 186183, 725189, 3781351], 'comment_count': 0, 'is_following': False, 'excerpt': '站在2025年的年末回过头看，游戏专注于“开放世界”，会是一种陷阱吗？ 本问题参与知乎「匠心游戏第三季」游戏行业圆桌讨论，如果你也是游戏行内人 ，欢迎在知乎搜索「匠心游戏」，进入圆桌参与问答，分享你的观点与见解！'}"
